{"data": [{"ticket": "1 [DH-1]", "id": 1, "priority": 3, "title": "Some django-helpdesk Problem", "queue": {"title": "Django Helpdesk", "id": 1}, "status": "Open", "created": "4\u00a0years, 11\u00a0months ago", "due_date": "4\u00a0years, 11\u00a0months ago", "assigned_to": "None", "submitter": "helpdesk@example.com", "row_class": "", "time_spent": "", "kbitem": ""}, {"ticket": "2 [SP-2]", "id": 2, "priority": 4, "title": "Something else", "queue": {"title": "Some Product", "id": 2}, "status": "Open", "created": "4\u00a0years, 11\u00a0months ago", "due_date": "4\u00a0years, 12\u00a0months ago", "assigned_to": "None", "submitter": "helpdesk@example.com", "row_class": "", "time_spent": "", "kbitem": ""}, {"ticket": "3 [DH-3]", "id": 3, "priority": 1, "title": "Something with an attachment", "queue": {"title": "Django Helpdesk", "id": 1}, "status": "Open", "created": "4\u00a0years, 11\u00a0months ago", "due_date": null, "assigned_to": "None", "submitter": "helpdesk@example.com", "row_class": "danger", "time_spent": "", "kbitem": ""}, {"ticket": "4 [SP-4]", "id": 4, "priority": 1, "title": "wkcieffkpglfudprvinh", "queue": {"title": "Some Product", "id": 2}, "status": "Reopened", "created": "6\u00a0months, 1\u00a0week ago", "due_date": null, "assigned_to": "None", "submitter": null, "row_class": "danger", "time_spent": "", "kbitem": ""}, {"ticket": "8 [SP-8]", "id": 8, "priority": 4, "title": "tyarwhlafrgkggakjkul", "queue": {"title": "Some Product", "id": 2}, "status": "Open", "created": "6\u00a0months, 1\u00a0week ago", "due_date": null, "assigned_to": "None", "submitter": null, "row_class": "", "time_spent": "", "kbitem": ""}, {"ticket": "10 [SP-10]", "id": 10, "priority": 3, "title": "ofpkybsixussxlpxnbqq", "queue": {"title": "Some Product", "id": 2}, "status": "Reopened", "created": "6\u00a0months, 1\u00a0week ago", "due_date": null, "assigned_to": "None", "submitter": null, "row_class": "", "time_spent": "", "kbitem": ""}, {"ticket": "11 [DH-11]", "id": 11, "priority": 4, "title": "xrvfoqpzezqrgrosnvrk", "queue": {"title": "Django Helpdesk", "id": 1}, "status": "Open", "created": "6\u00a0months, 1\u00a0week ago", "due_date": null, "assigned_to": "None", "submitter": null, "row_class": "", "time_spent": "", "kbitem": ""}, {"ticket": "17 [SP-17]", "id": 17, "priority": 2, "title": "apqfvpryvbyvkkyjeyzs", "queue": {"title": "Some Product", "id": 2}, "status": "Open", "created": "6\u00a0months, 1\u00a0week ago", "due_date": null, "assigned_to": "None", "submitter": null, "row_class": "warning", "time_spent": "", "kbitem": ""}, {"ticket": "18 [SP-18]", "id": 18, "priority": 4, "title": "zzyayrlgwpsmxpmsbxzy", "queue": {"title": "Some Product", "id": 2}, "status": "Reopened", "created": "6\u00a0months, 1\u00a0week ago", "due_date": null, "assigned_to": "None", "submitter": null, "row_class": "", "time_spent": "", "kbitem": ""}, {"ticket": "20 [SP-20]", "id": 20, "priority": 5, "title": "bjfasegvlfeqhqffowee", "queue": {"title": "Some Product", "id": 2}, "status": "Open", "created": "6\u00a0months, 1\u00a0week ago", "due_date": null, "assigned_to": "None", "submitter": null, "row_class": "success", "time_spent": "", "kbitem": ""}, {"ticket": "23 [SP-23]", "id": 23, "priority": 5, "title": "gmjhinvfbshetihjaggx", "queue": {"title": "Some Product", "id": 2}, "status": "Reopened", "created": "6\u00a0months, 1\u00a0week ago", "due_date": null, "assigned_to": "None", "submitter": null, "row_class": "success", "time_spent": "", "kbitem": ""}, {"ticket": "25 [DH-25]", "id": 25, "priority": 5, "title": "obmdddnkmlboprdrcuay", "queue": {"title": "Django Helpdesk", "id": 1}, "status": "Open", "created": "6\u00a0months, 1\u00a0week ago", "due_date": null, "assigned_to": "None", "submitter": null, "row_class": "success", "time_spent": "", "kbitem": ""}, {"ticket": "28 [DH-28]", "id": 28, "priority": 1, "title": "ivudlyfcsjvuwlsjkchb", "queue": {"title": "Django Helpdesk", "id": 1}, "status": "Reopened", "created": "6\u00a0months, 1\u00a0week ago", "due_date": null, "assigned_to": "None", "submitter": null, "row_class": "danger", "time_spent": "", "kbitem": ""}, {"ticket": "31 [DH-31]", "id": 31, "priority": 2, "title": "dnlptprlcdyspeghkifi", "queue": {"title": "Django Helpdesk", "id": 1}, "status": "Open", "created": "6\u00a0months, 1\u00a0week ago", "due_date": null, "assigned_to": "None", "submitter": null, "row_class": "warning", "time_spent": "", "kbitem": ""}, {"ticket": "33 [DH-33]", "id": 33, "priority": 2, "title": "vkucfstlytqvdwqebija", "queue": {"title": "Django Helpdesk", "id": 1}, "status": "Reopened", "created": "6\u00a0months, 1\u00a0week ago", "due_date": null, "assigned_to": "None", "submitter": null, "row_class": "warning", "time_spent": "", "kbitem": ""}, {"ticket": "36 [SP-36]", "id": 36, "priority": 5, "title": "nibmajwnkibfegargypb", "queue": {"title": "Some Product", "id": 2}, "status": "Reopened", "created": "6\u00a0months, 1\u00a0week ago", "due_date": null, "assigned_to": "None", "submitter": null, "row_class": "success", "time_spent": "", "kbitem": ""}, {"ticket": "37 [SP-37]", "id": 37, "priority": 4, "title": "fgsvhbkxwfimnypbhiqi", "queue": {"title": "Some Product", "id": 2}, "status": "Open", "created": "6\u00a0months, 1\u00a0week ago", "due_date": null, "assigned_to": "None", "submitter": null, "row_class": "", "time_spent": "", "kbitem": ""}, {"ticket": "42 [SP-42]", "id": 42, "priority": 1, "title": "dyqngyjvcrinmnucrjle", "queue": {"title": "Some Product", "id": 2}, "status": "Reopened", "created": "6\u00a0months, 1\u00a0week ago", "due_date": null, "assigned_to": "None", "submitter": null, "row_class": "danger", "time_spent": "", "kbitem": ""}, {"ticket": "43 [SP-43]", "id": 43, "priority": 3, "title": "aaoyxshxyahpqkqfwxad", "queue": {"title": "Some Product", "id": 2}, "status": "Open", "created": "6\u00a0months, 1\u00a0week ago", "due_date": null, "assigned_to": "None", "submitter": null, "row_class": "", "time_spent": "", "kbitem": ""}, {"ticket": "45 [DH-45]", "id": 45, "priority": 1, "title": "zccqpgaxxjyjglyovsqm", "queue": {"title": "Django Helpdesk", "id": 1}, "status": "Open", "created": "6\u00a0months, 1\u00a0week ago", "due_date": null, "assigned_to": "None", "submitter": null, "row_class": "danger", "time_spent": "", "kbitem": ""}, {"ticket": "48 [DH-48]", "id": 48, "priority": 1, "title": "sxsmsaznlojsmtptskgl", "queue": {"title": "Django Helpdesk", "id": 1}, "status": "Reopened", "created": "6\u00a0months, 1\u00a0week ago", "due_date": null, "assigned_to": "None", "submitter": null, "row_class": "danger", "time_spent": "", "kbitem": ""}, {"ticket": "51 [SP-51]", "id": 51, "priority": 5, "title": "qjltaenmyouenkbkgxbw", "queue": {"title": "Some Product", "id": 2}, "status": "Open", "created": "6\u00a0months, 1\u00a0week ago", "due_date": null, "assigned_to": "None", "submitter": null, "row_class": "success", "time_spent": "", "kbitem": ""}, {"ticket": "52 [SP-52]", "id": 52, "priority": 5, "title": "rrperuvaasrzreejwsyw", "queue": {"title": "Some Product", "id": 2}, "status": "Reopened", "created": "6\u00a0months, 1\u00a0week ago", "due_date": null, "assigned_to": "None", "submitter": null, "row_class": "success", "time_spent": "", "kbitem": ""}, {"ticket": "55 [SP-55]", "id": 55, "priority": 4, "title": "njcvajnltszbfgwptjzp", "queue": {"title": "Some Product", "id": 2}, "status": "Open", "created": "6\u00a0months, 1\u00a0week ago", "due_date": null, "assigned_to": "None", "submitter": null, "row_class": "", "time_spent": "", "kbitem": ""}, {"ticket": "57 [DH-57]", "id": 57, "priority": 1, "title": "dxroptnaqipivrndxlpt", "queue": {"title": "Django Helpdesk", "id": 1}, "status": "Open", "created": "6\u00a0months, 1\u00a0week ago", "due_date": null, "assigned_to": "None", "submitter": null, "row_class": "danger", "time_spent": "", "kbitem": ""}], "recordsFiltered": 33, "recordsTotal": 33, "draw": 1}